region_code,weather_param,year, key, value
Wales,Tmin,1910,JAN,1.2
Wales,Tmin,1910,FEB,2.5
Wales,Tmin,1910,MAR,2.4
Wales,Tmin,1910,APR,3.2
Wales,Tmin,1910,MAY,6.4
Wales,Tmin,1910,JUN,9.7
Wales,Tmin,1910,JUL,9.8
Wales,Tmin,1910,AUG,10.8
Wales,Tmin,1910,SEP,8.2
Wales,Tmin,1910,OCT,7.2
Wales,Tmin,1910,NOV,1.2
Wales,Tmin,1910,DEC,3.7
Wales,Tmin,1910,WIN,N/A
Wales,Tmin,1910,SPR,3.98
Wales,Tmin,1910,SUM,10.12
Wales,Tmin,1910,AUT,5.55
Wales,Tmin,1910,ANN,5.54
Wales,Tmin,1911,JAN,1.4
Wales,Tmin,1911,FEB,1.7
Wales,Tmin,1911,MAR,1.8
Wales,Tmin,1911,APR,3.1
Wales,Tmin,1911,MAY,7.5
Wales,Tmin,1911,JUN,9.1
Wales,Tmin,1911,JUL,11.5
Wales,Tmin,1911,AUG,12.8
Wales,Tmin,1911,SEP,8.9
Wales,Tmin,1911,OCT,6.2
Wales,Tmin,1911,NOV,3.2
Wales,Tmin,1911,DEC,3.8
Wales,Tmin,1911,WIN,2.33
Wales,Tmin,1911,SPR,4.15
Wales,Tmin,1911,SUM,11.14
Wales,Tmin,1911,AUT,6.10
Wales,Tmin,1911,ANN,5.95
Wales,Tmin,1912,JAN,0.5
Wales,Tmin,1912,FEB,2.0
Wales,Tmin,1912,MAR,3.7
Wales,Tmin,1912,APR,3.6
Wales,Tmin,1912,MAY,6.7
Wales,Tmin,1912,JUN,8.6
Wales,Tmin,1912,JUL,11.0
Wales,Tmin,1912,AUG,8.5
Wales,Tmin,1912,SEP,6.9
Wales,Tmin,1912,OCT,3.9
Wales,Tmin,1912,NOV,3.7
Wales,Tmin,1912,DEC,3.8
Wales,Tmin,1912,WIN,2.09
Wales,Tmin,1912,SPR,4.69
Wales,Tmin,1912,SUM,9.40
Wales,Tmin,1912,AUT,4.82
Wales,Tmin,1912,ANN,5.27
Wales,Tmin,1913,JAN,1.8
Wales,Tmin,1913,FEB,1.2
Wales,Tmin,1913,MAR,2.2
Wales,Tmin,1913,APR,3.8
Wales,Tmin,1913,MAY,6.0
Wales,Tmin,1913,JUN,8.4
Wales,Tmin,1913,JUL,9.9
Wales,Tmin,1913,AUG,10.2
Wales,Tmin,1913,SEP,9.5
Wales,Tmin,1913,OCT,7.3
Wales,Tmin,1913,NOV,5.0
Wales,Tmin,1913,DEC,2.9
Wales,Tmin,1913,WIN,2.34
Wales,Tmin,1913,SPR,3.96
Wales,Tmin,1913,SUM,9.51
Wales,Tmin,1913,AUT,7.27
Wales,Tmin,1913,ANN,5.70
Wales,Tmin,1914,JAN,0.6
Wales,Tmin,1914,FEB,3.3
Wales,Tmin,1914,MAR,2.5
Wales,Tmin,1914,APR,4.4
Wales,Tmin,1914,MAY,5.6
Wales,Tmin,1914,JUN,8.7
Wales,Tmin,1914,JUL,10.6
Wales,Tmin,1914,AUG,11.0
Wales,Tmin,1914,SEP,8.4
Wales,Tmin,1914,OCT,6.5
Wales,Tmin,1914,NOV,3.1
Wales,Tmin,1914,DEC,1.5
Wales,Tmin,1914,WIN,2.23
Wales,Tmin,1914,SPR,4.18
Wales,Tmin,1914,SUM,10.15
Wales,Tmin,1914,AUT,6.01
Wales,Tmin,1914,ANN,5.54
Wales,Tmin,1915,JAN,1.6
Wales,Tmin,1915,FEB,0.6
Wales,Tmin,1915,MAR,1.0
Wales,Tmin,1915,APR,3.5
Wales,Tmin,1915,MAY,5.5
Wales,Tmin,1915,JUN,8.3
Wales,Tmin,1915,JUL,9.7
Wales,Tmin,1915,AUG,10.5
Wales,Tmin,1915,SEP,8.3
Wales,Tmin,1915,OCT,5.3
Wales,Tmin,1915,NOV,-0.8
Wales,Tmin,1915,DEC,2.5
Wales,Tmin,1915,WIN,1.26
Wales,Tmin,1915,SPR,3.35
Wales,Tmin,1915,SUM,9.49
Wales,Tmin,1915,AUT,4.25
Wales,Tmin,1915,ANN,4.70
Wales,Tmin,1916,JAN,4.9
Wales,Tmin,1916,FEB,0.9
Wales,Tmin,1916,MAR,0.1
Wales,Tmin,1916,APR,3.2
Wales,Tmin,1916,MAY,5.8
Wales,Tmin,1916,JUN,6.9
Wales,Tmin,1916,JUL,10.0
Wales,Tmin,1916,AUG,11.0
Wales,Tmin,1916,SEP,9.0
Wales,Tmin,1916,OCT,7.5
Wales,Tmin,1916,NOV,3.5
Wales,Tmin,1916,DEC,-0.8
Wales,Tmin,1916,WIN,2.81
Wales,Tmin,1916,SPR,3.03
Wales,Tmin,1916,SUM,9.33
Wales,Tmin,1916,AUT,6.69
Wales,Tmin,1916,ANN,5.19
Wales,Tmin,1917,JAN,-0.8
Wales,Tmin,1917,FEB,-2.5
Wales,Tmin,1917,MAR,-0.4
Wales,Tmin,1917,APR,1.1
Wales,Tmin,1917,MAY,6.6
Wales,Tmin,1917,JUN,8.7
Wales,Tmin,1917,JUL,10.5
Wales,Tmin,1917,AUG,11.0
Wales,Tmin,1917,SEP,9.7
Wales,Tmin,1917,OCT,3.9
Wales,Tmin,1917,NOV,5.2
Wales,Tmin,1917,DEC,-0.1
Wales,Tmin,1917,WIN,-1.32
Wales,Tmin,1917,SPR,2.42
Wales,Tmin,1917,SUM,10.08
Wales,Tmin,1917,AUT,6.27
Wales,Tmin,1917,ANN,4.45
Wales,Tmin,1918,JAN,1.4
Wales,Tmin,1918,FEB,4.2
Wales,Tmin,1918,MAR,1.7
Wales,Tmin,1918,APR,2.4
Wales,Tmin,1918,MAY,6.7
Wales,Tmin,1918,JUN,7.5
Wales,Tmin,1918,JUL,9.8
Wales,Tmin,1918,AUG,11.2
Wales,Tmin,1918,SEP,8.2
Wales,Tmin,1918,OCT,5.8
Wales,Tmin,1918,NOV,2.4
Wales,Tmin,1918,DEC,4.5
Wales,Tmin,1918,WIN,1.75
Wales,Tmin,1918,SPR,3.60
Wales,Tmin,1918,SUM,9.51
Wales,Tmin,1918,AUT,5.46
Wales,Tmin,1918,ANN,5.49
Wales,Tmin,1919,JAN,0.7
Wales,Tmin,1919,FEB,-1.1
Wales,Tmin,1919,MAR,-0.2
Wales,Tmin,1919,APR,2.4
Wales,Tmin,1919,MAY,7.4
Wales,Tmin,1919,JUN,8.4
Wales,Tmin,1919,JUL,9.1
Wales,Tmin,1919,AUG,10.4
Wales,Tmin,1919,SEP,8.0
Wales,Tmin,1919,OCT,3.9
Wales,Tmin,1919,NOV,0.1
Wales,Tmin,1919,DEC,2.8
Wales,Tmin,1919,WIN,1.48
Wales,Tmin,1919,SPR,3.19
Wales,Tmin,1919,SUM,9.31
Wales,Tmin,1919,AUT,3.99
Wales,Tmin,1919,ANN,4.36
Wales,Tmin,1920,JAN,2.0
Wales,Tmin,1920,FEB,2.8
Wales,Tmin,1920,MAR,2.8
Wales,Tmin,1920,APR,4.5
Wales,Tmin,1920,MAY,6.7
Wales,Tmin,1920,JUN,9.0
Wales,Tmin,1920,JUL,10.0
Wales,Tmin,1920,AUG,9.3
Wales,Tmin,1920,SEP,8.1
Wales,Tmin,1920,OCT,6.7
Wales,Tmin,1920,NOV,4.0
Wales,Tmin,1920,DEC,1.4
Wales,Tmin,1920,WIN,2.54
Wales,Tmin,1920,SPR,4.67
Wales,Tmin,1920,SUM,9.44
Wales,Tmin,1920,AUT,6.28
Wales,Tmin,1920,ANN,5.62
Wales,Tmin,1921,JAN,4.6
Wales,Tmin,1921,FEB,1.6
Wales,Tmin,1921,MAR,3.4
Wales,Tmin,1921,APR,2.9
Wales,Tmin,1921,MAY,5.4
Wales,Tmin,1921,JUN,8.4
Wales,Tmin,1921,JUL,11.7
Wales,Tmin,1921,AUG,10.5
Wales,Tmin,1921,SEP,8.4
Wales,Tmin,1921,OCT,8.1
Wales,Tmin,1921,NOV,2.1
Wales,Tmin,1921,DEC,3.6
Wales,Tmin,1921,WIN,2.55
Wales,Tmin,1921,SPR,3.93
Wales,Tmin,1921,SUM,10.21
Wales,Tmin,1921,AUT,6.20
Wales,Tmin,1921,ANN,5.93
Wales,Tmin,1922,JAN,1.2
Wales,Tmin,1922,FEB,1.5
Wales,Tmin,1922,MAR,1.2
Wales,Tmin,1922,APR,0.9
Wales,Tmin,1922,MAY,6.6
Wales,Tmin,1922,JUN,8.0
Wales,Tmin,1922,JUL,8.9
Wales,Tmin,1922,AUG,8.8
Wales,Tmin,1922,SEP,7.9
Wales,Tmin,1922,OCT,4.4
Wales,Tmin,1922,NOV,2.6
Wales,Tmin,1922,DEC,3.5
Wales,Tmin,1922,WIN,2.14
Wales,Tmin,1922,SPR,2.91
Wales,Tmin,1922,SUM,8.57
Wales,Tmin,1922,AUT,4.93
Wales,Tmin,1922,ANN,4.64
Wales,Tmin,1923,JAN,3.0
Wales,Tmin,1923,FEB,3.2
Wales,Tmin,1923,MAR,2.9
Wales,Tmin,1923,APR,3.5
Wales,Tmin,1923,MAY,4.9
Wales,Tmin,1923,JUN,8.2
Wales,Tmin,1923,JUL,12.1
Wales,Tmin,1923,AUG,10.4
Wales,Tmin,1923,SEP,7.8
Wales,Tmin,1923,OCT,6.5
Wales,Tmin,1923,NOV,0.4
Wales,Tmin,1923,DEC,1.8
Wales,Tmin,1923,WIN,3.25
Wales,Tmin,1923,SPR,3.76
Wales,Tmin,1923,SUM,10.25
Wales,Tmin,1923,AUT,4.90
Wales,Tmin,1923,ANN,5.40
Wales,Tmin,1924,JAN,2.2
Wales,Tmin,1924,FEB,0.3
Wales,Tmin,1924,MAR,-0.1
Wales,Tmin,1924,APR,2.2
Wales,Tmin,1924,MAY,6.7
Wales,Tmin,1924,JUN,8.8
Wales,Tmin,1924,JUL,10.1
Wales,Tmin,1924,AUG,9.7
Wales,Tmin,1924,SEP,9.2
Wales,Tmin,1924,OCT,6.6
Wales,Tmin,1924,NOV,3.8
Wales,Tmin,1924,DEC,4.5
Wales,Tmin,1924,WIN,1.46
Wales,Tmin,1924,SPR,2.94
Wales,Tmin,1924,SUM,9.56
Wales,Tmin,1924,AUT,6.55
Wales,Tmin,1924,ANN,5.37
Wales,Tmin,1925,JAN,2.9
Wales,Tmin,1925,FEB,1.8
Wales,Tmin,1925,MAR,1.4
Wales,Tmin,1925,APR,3.0
Wales,Tmin,1925,MAY,6.6
Wales,Tmin,1925,JUN,8.4
Wales,Tmin,1925,JUL,10.9
Wales,Tmin,1925,AUG,10.8
Wales,Tmin,1925,SEP,7.4
Wales,Tmin,1925,OCT,6.5
Wales,Tmin,1925,NOV,0.1
Wales,Tmin,1925,DEC,0.4
Wales,Tmin,1925,WIN,3.12
Wales,Tmin,1925,SPR,3.70
Wales,Tmin,1925,SUM,10.06
Wales,Tmin,1925,AUT,4.70
Wales,Tmin,1925,ANN,5.06
Wales,Tmin,1926,JAN,2.3
Wales,Tmin,1926,FEB,3.9
Wales,Tmin,1926,MAR,2.9
Wales,Tmin,1926,APR,4.4
Wales,Tmin,1926,MAY,5.1
Wales,Tmin,1926,JUN,7.6
Wales,Tmin,1926,JUL,11.7
Wales,Tmin,1926,AUG,11.2
Wales,Tmin,1926,SEP,9.9
Wales,Tmin,1926,OCT,4.2
Wales,Tmin,1926,NOV,2.2
Wales,Tmin,1926,DEC,1.5
Wales,Tmin,1926,WIN,2.16
Wales,Tmin,1926,SPR,4.14
Wales,Tmin,1926,SUM,10.22
Wales,Tmin,1926,AUT,5.44
Wales,Tmin,1926,ANN,5.60
Wales,Tmin,1927,JAN,2.2
Wales,Tmin,1927,FEB,0.8
Wales,Tmin,1927,MAR,3.5
Wales,Tmin,1927,APR,3.6
Wales,Tmin,1927,MAY,5.8
Wales,Tmin,1927,JUN,7.5
Wales,Tmin,1927,JUL,11.0
Wales,Tmin,1927,AUG,10.8
Wales,Tmin,1927,SEP,8.5
Wales,Tmin,1927,OCT,6.5
Wales,Tmin,1927,NOV,3.3
Wales,Tmin,1927,DEC,0.1
Wales,Tmin,1927,WIN,1.50
Wales,Tmin,1927,SPR,4.32
Wales,Tmin,1927,SUM,9.81
Wales,Tmin,1927,AUT,6.11
Wales,Tmin,1927,ANN,5.34
Wales,Tmin,1928,JAN,2.0
Wales,Tmin,1928,FEB,2.7
Wales,Tmin,1928,MAR,2.2
Wales,Tmin,1928,APR,3.7
Wales,Tmin,1928,MAY,5.8
Wales,Tmin,1928,JUN,7.9
Wales,Tmin,1928,JUL,10.4
Wales,Tmin,1928,AUG,10.3
Wales,Tmin,1928,SEP,7.5
Wales,Tmin,1928,OCT,6.6
Wales,Tmin,1928,NOV,4.6
Wales,Tmin,1928,DEC,0.8
Wales,Tmin,1928,WIN,1.57
Wales,Tmin,1928,SPR,3.90
Wales,Tmin,1928,SUM,9.54
Wales,Tmin,1928,AUT,6.25
Wales,Tmin,1928,ANN,5.38
Wales,Tmin,1929,JAN,-0.8
Wales,Tmin,1929,FEB,-2.1
Wales,Tmin,1929,MAR,0.4
Wales,Tmin,1929,APR,2.1
Wales,Tmin,1929,MAY,5.6
Wales,Tmin,1929,JUN,7.3
Wales,Tmin,1929,JUL,9.9
Wales,Tmin,1929,AUG,10.0
Wales,Tmin,1929,SEP,9.6
Wales,Tmin,1929,OCT,5.9
Wales,Tmin,1929,NOV,3.3
Wales,Tmin,1929,DEC,3.0
Wales,Tmin,1929,WIN,-0.65
Wales,Tmin,1929,SPR,2.72
Wales,Tmin,1929,SUM,9.11
Wales,Tmin,1929,AUT,6.24
Wales,Tmin,1929,ANN,4.56
Wales,Tmin,1930,JAN,2.1
Wales,Tmin,1930,FEB,-0.7
Wales,Tmin,1930,MAR,1.5
Wales,Tmin,1930,APR,4.0
Wales,Tmin,1930,MAY,5.8
Wales,Tmin,1930,JUN,8.8
Wales,Tmin,1930,JUL,10.4
Wales,Tmin,1930,AUG,10.4
Wales,Tmin,1930,SEP,9.4
Wales,Tmin,1930,OCT,7.1
Wales,Tmin,1930,NOV,3.0
Wales,Tmin,1930,DEC,1.9
Wales,Tmin,1930,WIN,1.52
Wales,Tmin,1930,SPR,3.77
Wales,Tmin,1930,SUM,9.89
Wales,Tmin,1930,AUT,6.53
Wales,Tmin,1930,ANN,5.36
Wales,Tmin,1931,JAN,0.7
Wales,Tmin,1931,FEB,1.1
Wales,Tmin,1931,MAR,-0.1
Wales,Tmin,1931,APR,3.7
Wales,Tmin,1931,MAY,6.0
Wales,Tmin,1931,JUN,9.3
Wales,Tmin,1931,JUL,10.4
Wales,Tmin,1931,AUG,9.8
Wales,Tmin,1931,SEP,7.6
Wales,Tmin,1931,OCT,4.6
Wales,Tmin,1931,NOV,4.7
Wales,Tmin,1931,DEC,3.0
Wales,Tmin,1931,WIN,1.22
Wales,Tmin,1931,SPR,3.19
Wales,Tmin,1931,SUM,9.85
Wales,Tmin,1931,AUT,5.61
Wales,Tmin,1931,ANN,5.07
Wales,Tmin,1932,JAN,3.2
Wales,Tmin,1932,FEB,-0.2
Wales,Tmin,1932,MAR,0.4
Wales,Tmin,1932,APR,2.4
Wales,Tmin,1932,MAY,5.6
Wales,Tmin,1932,JUN,8.2
Wales,Tmin,1932,JUL,11.2
Wales,Tmin,1932,AUG,12.0
Wales,Tmin,1932,SEP,8.7
Wales,Tmin,1932,OCT,5.0
Wales,Tmin,1932,NOV,3.7
Wales,Tmin,1932,DEC,3.0
Wales,Tmin,1932,WIN,2.05
Wales,Tmin,1932,SPR,2.82
Wales,Tmin,1932,SUM,10.51
Wales,Tmin,1932,AUT,5.79
Wales,Tmin,1932,ANN,5.31
Wales,Tmin,1933,JAN,-0.8
Wales,Tmin,1933,FEB,0.4
Wales,Tmin,1933,MAR,2.6
Wales,Tmin,1933,APR,3.7
Wales,Tmin,1933,MAY,6.6
Wales,Tmin,1933,JUN,9.2
Wales,Tmin,1933,JUL,11.5
Wales,Tmin,1933,AUG,11.5
Wales,Tmin,1933,SEP,9.3
Wales,Tmin,1933,OCT,6.3
Wales,Tmin,1933,NOV,2.4
Wales,Tmin,1933,DEC,-1.4
Wales,Tmin,1933,WIN,0.88
Wales,Tmin,1933,SPR,4.29
Wales,Tmin,1933,SUM,10.75
Wales,Tmin,1933,AUT,6.01
Wales,Tmin,1933,ANN,5.13
Wales,Tmin,1934,JAN,1.3
Wales,Tmin,1934,FEB,-0.1
Wales,Tmin,1934,MAR,0.9
Wales,Tmin,1934,APR,3.1
Wales,Tmin,1934,MAY,5.7
Wales,Tmin,1934,JUN,9.1
Wales,Tmin,1934,JUL,11.8
Wales,Tmin,1934,AUG,9.7
Wales,Tmin,1934,SEP,9.2
Wales,Tmin,1934,OCT,6.9
Wales,Tmin,1934,NOV,3.3
Wales,Tmin,1934,DEC,5.5
Wales,Tmin,1934,WIN,-0.08
Wales,Tmin,1934,SPR,3.22
Wales,Tmin,1934,SUM,10.22
Wales,Tmin,1934,AUT,6.47
Wales,Tmin,1934,ANN,5.57
Wales,Tmin,1935,JAN,2.0
Wales,Tmin,1935,FEB,2.6
Wales,Tmin,1935,MAR,2.3
Wales,Tmin,1935,APR,3.6
Wales,Tmin,1935,MAY,4.8
Wales,Tmin,1935,JUN,9.5
Wales,Tmin,1935,JUL,11.3
Wales,Tmin,1935,AUG,10.5
Wales,Tmin,1935,SEP,9.1
Wales,Tmin,1935,OCT,6.0
Wales,Tmin,1935,NOV,3.2
Wales,Tmin,1935,DEC,0.4
Wales,Tmin,1935,WIN,3.42
Wales,Tmin,1935,SPR,3.57
Wales,Tmin,1935,SUM,10.43
Wales,Tmin,1935,AUT,6.10
Wales,Tmin,1935,ANN,5.46
Wales,Tmin,1936,JAN,0.8
Wales,Tmin,1936,FEB,-0.1
Wales,Tmin,1936,MAR,3.3
Wales,Tmin,1936,APR,2.0
Wales,Tmin,1936,MAY,6.1
Wales,Tmin,1936,JUN,9.2
Wales,Tmin,1936,JUL,10.6
Wales,Tmin,1936,AUG,10.9
Wales,Tmin,1936,SEP,9.8
Wales,Tmin,1936,OCT,5.6
Wales,Tmin,1936,NOV,2.8
Wales,Tmin,1936,DEC,2.7
Wales,Tmin,1936,WIN,0.38
Wales,Tmin,1936,SPR,3.81
Wales,Tmin,1936,SUM,10.25
Wales,Tmin,1936,AUT,6.07
Wales,Tmin,1936,ANN,5.33
Wales,Tmin,1937,JAN,2.3
Wales,Tmin,1937,FEB,2.8
Wales,Tmin,1937,MAR,-0.1
Wales,Tmin,1937,APR,5.1
Wales,Tmin,1937,MAY,6.5
Wales,Tmin,1937,JUN,8.5
Wales,Tmin,1937,JUL,10.9
Wales,Tmin,1937,AUG,10.9
Wales,Tmin,1937,SEP,8.6
Wales,Tmin,1937,OCT,6.2
Wales,Tmin,1937,NOV,2.2
Wales,Tmin,1937,DEC,0.5
Wales,Tmin,1937,WIN,2.58
Wales,Tmin,1937,SPR,3.83
Wales,Tmin,1937,SUM,10.11
Wales,Tmin,1937,AUT,5.66
Wales,Tmin,1937,ANN,5.37
Wales,Tmin,1938,JAN,3.0
Wales,Tmin,1938,FEB,2.0
Wales,Tmin,1938,MAR,4.0
Wales,Tmin,1938,APR,2.2
Wales,Tmin,1938,MAY,5.8
Wales,Tmin,1938,JUN,8.9
Wales,Tmin,1938,JUL,9.7
Wales,Tmin,1938,AUG,10.7
Wales,Tmin,1938,SEP,8.8
Wales,Tmin,1938,OCT,7.2
Wales,Tmin,1938,NOV,6.1
Wales,Tmin,1938,DEC,2.0
Wales,Tmin,1938,WIN,1.84
Wales,Tmin,1938,SPR,4.02
Wales,Tmin,1938,SUM,9.76
Wales,Tmin,1938,AUT,7.35
Wales,Tmin,1938,ANN,5.89
Wales,Tmin,1939,JAN,1.5
Wales,Tmin,1939,FEB,2.2
Wales,Tmin,1939,MAR,2.6
Wales,Tmin,1939,APR,3.7
Wales,Tmin,1939,MAY,6.2
Wales,Tmin,1939,JUN,8.6
Wales,Tmin,1939,JUL,10.4
Wales,Tmin,1939,AUG,11.2
Wales,Tmin,1939,SEP,9.3
Wales,Tmin,1939,OCT,4.4
Wales,Tmin,1939,NOV,5.7
Wales,Tmin,1939,DEC,0.8
Wales,Tmin,1939,WIN,1.89
Wales,Tmin,1939,SPR,4.19
Wales,Tmin,1939,SUM,10.11
Wales,Tmin,1939,AUT,6.44
Wales,Tmin,1939,ANN,5.57
Wales,Tmin,1940,JAN,-4.0
Wales,Tmin,1940,FEB,0.3
Wales,Tmin,1940,MAR,1.9
Wales,Tmin,1940,APR,4.3
Wales,Tmin,1940,MAY,6.6
Wales,Tmin,1940,JUN,9.6
Wales,Tmin,1940,JUL,9.6
Wales,Tmin,1940,AUG,10.5
Wales,Tmin,1940,SEP,7.8
Wales,Tmin,1940,OCT,5.9
Wales,Tmin,1940,NOV,4.1
Wales,Tmin,1940,DEC,1.5
Wales,Tmin,1940,WIN,-1.02
Wales,Tmin,1940,SPR,4.30
Wales,Tmin,1940,SUM,9.92
Wales,Tmin,1940,AUT,5.90
Wales,Tmin,1940,ANN,4.85
Wales,Tmin,1941,JAN,-2.2
Wales,Tmin,1941,FEB,0.1
Wales,Tmin,1941,MAR,1.1
Wales,Tmin,1941,APR,2.3
Wales,Tmin,1941,MAY,4.1
Wales,Tmin,1941,JUN,9.2
Wales,Tmin,1941,JUL,10.9
Wales,Tmin,1941,AUG,10.1
Wales,Tmin,1941,SEP,10.2
Wales,Tmin,1941,OCT,6.7
Wales,Tmin,1941,NOV,3.5
Wales,Tmin,1941,DEC,3.2
Wales,Tmin,1941,WIN,-0.20
Wales,Tmin,1941,SPR,2.48
Wales,Tmin,1941,SUM,10.07
Wales,Tmin,1941,AUT,6.82
Wales,Tmin,1941,ANN,4.96
Wales,Tmin,1942,JAN,-0.7
Wales,Tmin,1942,FEB,-2.9
Wales,Tmin,1942,MAR,1.8
Wales,Tmin,1942,APR,4.2
Wales,Tmin,1942,MAY,5.6
Wales,Tmin,1942,JUN,8.0
Wales,Tmin,1942,JUL,10.2
Wales,Tmin,1942,AUG,11.5
Wales,Tmin,1942,SEP,9.2
Wales,Tmin,1942,OCT,6.7
Wales,Tmin,1942,NOV,1.8
Wales,Tmin,1942,DEC,4.4
Wales,Tmin,1942,WIN,-0.03
Wales,Tmin,1942,SPR,3.85
Wales,Tmin,1942,SUM,9.91
Wales,Tmin,1942,AUT,5.90
Wales,Tmin,1942,ANN,5.03
Wales,Tmin,1943,JAN,2.6
Wales,Tmin,1943,FEB,3.0
Wales,Tmin,1943,MAR,2.5
Wales,Tmin,1943,APR,5.5
Wales,Tmin,1943,MAY,6.0
Wales,Tmin,1943,JUN,9.0
Wales,Tmin,1943,JUL,10.4
Wales,Tmin,1943,AUG,10.9
Wales,Tmin,1943,SEP,8.3
Wales,Tmin,1943,OCT,6.4
Wales,Tmin,1943,NOV,3.7
Wales,Tmin,1943,DEC,1.0
Wales,Tmin,1943,WIN,3.36
Wales,Tmin,1943,SPR,4.63
Wales,Tmin,1943,SUM,10.12
Wales,Tmin,1943,AUT,6.14
Wales,Tmin,1943,ANN,5.78
Wales,Tmin,1944,JAN,3.4
Wales,Tmin,1944,FEB,0.8
Wales,Tmin,1944,MAR,1.0
Wales,Tmin,1944,APR,5.0
Wales,Tmin,1944,MAY,5.3
Wales,Tmin,1944,JUN,8.5
Wales,Tmin,1944,JUL,11.5
Wales,Tmin,1944,AUG,11.2
Wales,Tmin,1944,SEP,7.7
Wales,Tmin,1944,OCT,5.7
Wales,Tmin,1944,NOV,3.4
Wales,Tmin,1944,DEC,1.5
Wales,Tmin,1944,WIN,1.76
Wales,Tmin,1944,SPR,3.78
Wales,Tmin,1944,SUM,10.43
Wales,Tmin,1944,AUT,5.56
Wales,Tmin,1944,ANN,5.44
Wales,Tmin,1945,JAN,-2.2
Wales,Tmin,1945,FEB,3.4
Wales,Tmin,1945,MAR,3.4
Wales,Tmin,1945,APR,5.0
Wales,Tmin,1945,MAY,6.7
Wales,Tmin,1945,JUN,9.1
Wales,Tmin,1945,JUL,11.0
Wales,Tmin,1945,AUG,10.7
Wales,Tmin,1945,SEP,9.9
Wales,Tmin,1945,OCT,7.7
Wales,Tmin,1945,NOV,4.2
Wales,Tmin,1945,DEC,3.0
Wales,Tmin,1945,WIN,0.85
Wales,Tmin,1945,SPR,5.02
Wales,Tmin,1945,SUM,10.25
Wales,Tmin,1945,AUT,7.25
Wales,Tmin,1945,ANN,5.99
Wales,Tmin,1946,JAN,0.0
Wales,Tmin,1946,FEB,3.4
Wales,Tmin,1946,MAR,0.9
Wales,Tmin,1946,APR,4.4
Wales,Tmin,1946,MAY,5.2
Wales,Tmin,1946,JUN,7.8
Wales,Tmin,1946,JUL,10.3
Wales,Tmin,1946,AUG,9.6
Wales,Tmin,1946,SEP,9.8
Wales,Tmin,1946,OCT,6.5
Wales,Tmin,1946,NOV,5.4
Wales,Tmin,1946,DEC,0.5
Wales,Tmin,1946,WIN,2.10
Wales,Tmin,1946,SPR,3.51
Wales,Tmin,1946,SUM,9.25
Wales,Tmin,1946,AUT,7.22
Wales,Tmin,1946,ANN,5.32
Wales,Tmin,1947,JAN,-0.4
Wales,Tmin,1947,FEB,-4.4
Wales,Tmin,1947,MAR,0.2
Wales,Tmin,1947,APR,3.9
Wales,Tmin,1947,MAY,7.2
Wales,Tmin,1947,JUN,9.6
Wales,Tmin,1947,JUL,11.0
Wales,Tmin,1947,AUG,11.8
Wales,Tmin,1947,SEP,9.8
Wales,Tmin,1947,OCT,6.2
Wales,Tmin,1947,NOV,4.3
Wales,Tmin,1947,DEC,2.9
Wales,Tmin,1947,WIN,-1.34
Wales,Tmin,1947,SPR,3.75
Wales,Tmin,1947,SUM,10.82
Wales,Tmin,1947,AUT,6.76
Wales,Tmin,1947,ANN,5.23
Wales,Tmin,1948,JAN,2.4
Wales,Tmin,1948,FEB,1.6
Wales,Tmin,1948,MAR,3.6
Wales,Tmin,1948,APR,3.6
Wales,Tmin,1948,MAY,5.1
Wales,Tmin,1948,JUN,8.8
Wales,Tmin,1948,JUL,10.6
Wales,Tmin,1948,AUG,10.6
Wales,Tmin,1948,SEP,9.6
Wales,Tmin,1948,OCT,6.6
Wales,Tmin,1948,NOV,4.8
Wales,Tmin,1948,DEC,2.5
Wales,Tmin,1948,WIN,2.29
Wales,Tmin,1948,SPR,4.10
Wales,Tmin,1948,SUM,10.00
Wales,Tmin,1948,AUT,6.99
Wales,Tmin,1948,ANN,5.83
Wales,Tmin,1949,JAN,2.8
Wales,Tmin,1949,FEB,2.0
Wales,Tmin,1949,MAR,1.4
Wales,Tmin,1949,APR,5.2
Wales,Tmin,1949,MAY,5.4
Wales,Tmin,1949,JUN,9.1
Wales,Tmin,1949,JUL,11.5
Wales,Tmin,1949,AUG,11.1
Wales,Tmin,1949,SEP,10.9
Wales,Tmin,1949,OCT,8.1
Wales,Tmin,1949,NOV,3.8
Wales,Tmin,1949,DEC,3.1
Wales,Tmin,1949,WIN,2.46
Wales,Tmin,1949,SPR,4.00
Wales,Tmin,1949,SUM,10.61
Wales,Tmin,1949,AUT,7.63
Wales,Tmin,1949,ANN,6.24
Wales,Tmin,1950,JAN,1.6
Wales,Tmin,1950,FEB,2.1
Wales,Tmin,1950,MAR,3.4
Wales,Tmin,1950,APR,3.4
Wales,Tmin,1950,MAY,6.5
Wales,Tmin,1950,JUN,10.2
Wales,Tmin,1950,JUL,10.7
Wales,Tmin,1950,AUG,10.3
Wales,Tmin,1950,SEP,8.9
Wales,Tmin,1950,OCT,6.3
Wales,Tmin,1950,NOV,2.5
Wales,Tmin,1950,DEC,-0.7
Wales,Tmin,1950,WIN,2.27
Wales,Tmin,1950,SPR,4.43
Wales,Tmin,1950,SUM,10.41
Wales,Tmin,1950,AUT,5.89
Wales,Tmin,1950,ANN,5.45
Wales,Tmin,1951,JAN,1.3
Wales,Tmin,1951,FEB,0.5
Wales,Tmin,1951,MAR,0.6
Wales,Tmin,1951,APR,2.2
Wales,Tmin,1951,MAY,5.2
Wales,Tmin,1951,JUN,8.5
Wales,Tmin,1951,JUL,10.7
Wales,Tmin,1951,AUG,10.1
Wales,Tmin,1951,SEP,10.0
Wales,Tmin,1951,OCT,6.0
Wales,Tmin,1951,NOV,5.1
Wales,Tmin,1951,DEC,2.7
Wales,Tmin,1951,WIN,0.36
Wales,Tmin,1951,SPR,2.68
Wales,Tmin,1951,SUM,9.78
Wales,Tmin,1951,AUT,7.04
Wales,Tmin,1951,ANN,5.27
Wales,Tmin,1952,JAN,0.3
Wales,Tmin,1952,FEB,0.3
Wales,Tmin,1952,MAR,3.3
Wales,Tmin,1952,APR,4.1
Wales,Tmin,1952,MAY,7.7
Wales,Tmin,1952,JUN,8.7
Wales,Tmin,1952,JUL,11.4
Wales,Tmin,1952,AUG,10.9
Wales,Tmin,1952,SEP,6.7
Wales,Tmin,1952,OCT,5.6
Wales,Tmin,1952,NOV,1.8
Wales,Tmin,1952,DEC,0.8
Wales,Tmin,1952,WIN,1.10
Wales,Tmin,1952,SPR,5.07
Wales,Tmin,1952,SUM,10.36
Wales,Tmin,1952,AUT,4.70
Wales,Tmin,1952,ANN,5.16
Wales,Tmin,1953,JAN,0.9
Wales,Tmin,1953,FEB,1.0
Wales,Tmin,1953,MAR,0.8
Wales,Tmin,1953,APR,2.5
Wales,Tmin,1953,MAY,7.2
Wales,Tmin,1953,JUN,8.9
Wales,Tmin,1953,JUL,10.9
Wales,Tmin,1953,AUG,11.0
Wales,Tmin,1953,SEP,9.7
Wales,Tmin,1953,OCT,5.7
Wales,Tmin,1953,NOV,5.8
Wales,Tmin,1953,DEC,4.8
Wales,Tmin,1953,WIN,0.90
Wales,Tmin,1953,SPR,3.52
Wales,Tmin,1953,SUM,10.28
Wales,Tmin,1953,AUT,7.02
Wales,Tmin,1953,ANN,5.79
Wales,Tmin,1954,JAN,0.7
Wales,Tmin,1954,FEB,-0.3
Wales,Tmin,1954,MAR,2.3
Wales,Tmin,1954,APR,2.5
Wales,Tmin,1954,MAY,6.4
Wales,Tmin,1954,JUN,8.9
Wales,Tmin,1954,JUL,9.8
Wales,Tmin,1954,AUG,9.9
Wales,Tmin,1954,SEP,8.6
Wales,Tmin,1954,OCT,8.5
Wales,Tmin,1954,NOV,3.9
Wales,Tmin,1954,DEC,4.2
Wales,Tmin,1954,WIN,1.79
Wales,Tmin,1954,SPR,3.75
Wales,Tmin,1954,SUM,9.53
Wales,Tmin,1954,AUT,7.00
Wales,Tmin,1954,ANN,5.48
Wales,Tmin,1955,JAN,0.1
Wales,Tmin,1955,FEB,-1.7
Wales,Tmin,1955,MAR,-0.8
Wales,Tmin,1955,APR,4.4
Wales,Tmin,1955,MAY,5.2
Wales,Tmin,1955,JUN,9.3
Wales,Tmin,1955,JUL,11.3
Wales,Tmin,1955,AUG,12.4
Wales,Tmin,1955,SEP,9.4
Wales,Tmin,1955,OCT,5.3
Wales,Tmin,1955,NOV,3.4
Wales,Tmin,1955,DEC,3.0
Wales,Tmin,1955,WIN,0.97
Wales,Tmin,1955,SPR,2.93
Wales,Tmin,1955,SUM,11.01
Wales,Tmin,1955,AUT,6.02
Wales,Tmin,1955,ANN,5.15
Wales,Tmin,1956,JAN,1.2
Wales,Tmin,1956,FEB,-3.6
Wales,Tmin,1956,MAR,2.2
Wales,Tmin,1956,APR,2.1
Wales,Tmin,1956,MAY,6.1
Wales,Tmin,1956,JUN,8.2
Wales,Tmin,1956,JUL,10.8
Wales,Tmin,1956,AUG,9.2
Wales,Tmin,1956,SEP,10.4
Wales,Tmin,1956,OCT,5.8
Wales,Tmin,1956,NOV,3.6
Wales,Tmin,1956,DEC,3.3
Wales,Tmin,1956,WIN,0.27
Wales,Tmin,1956,SPR,3.46
Wales,Tmin,1956,SUM,9.41
Wales,Tmin,1956,AUT,6.58
Wales,Tmin,1956,ANN,4.96
Wales,Tmin,1957,JAN,2.3
Wales,Tmin,1957,FEB,1.7
Wales,Tmin,1957,MAR,5.6
Wales,Tmin,1957,APR,4.3
Wales,Tmin,1957,MAY,5.4
Wales,Tmin,1957,JUN,8.5
Wales,Tmin,1957,JUL,11.6
Wales,Tmin,1957,AUG,10.9
Wales,Tmin,1957,SEP,9.0
Wales,Tmin,1957,OCT,7.2
Wales,Tmin,1957,NOV,3.4
Wales,Tmin,1957,DEC,1.5
Wales,Tmin,1957,WIN,2.43
Wales,Tmin,1957,SPR,5.14
Wales,Tmin,1957,SUM,10.35
Wales,Tmin,1957,AUT,6.52
Wales,Tmin,1957,ANN,5.98
Wales,Tmin,1958,JAN,0.9
Wales,Tmin,1958,FEB,2.0
Wales,Tmin,1958,MAR,0.0
Wales,Tmin,1958,APR,2.6
Wales,Tmin,1958,MAY,6.2
Wales,Tmin,1958,JUN,8.5
Wales,Tmin,1958,JUL,10.7
Wales,Tmin,1958,AUG,11.1
Wales,Tmin,1958,SEP,10.7
Wales,Tmin,1958,OCT,7.3
Wales,Tmin,1958,NOV,3.9
Wales,Tmin,1958,DEC,1.8
Wales,Tmin,1958,WIN,1.43
Wales,Tmin,1958,SPR,2.97
Wales,Tmin,1958,SUM,10.12
Wales,Tmin,1958,AUT,7.29
Wales,Tmin,1958,ANN,5.49
Wales,Tmin,1959,JAN,-0.6
Wales,Tmin,1959,FEB,1.5
Wales,Tmin,1959,MAR,3.7
Wales,Tmin,1959,APR,4.7
Wales,Tmin,1959,MAY,6.9
Wales,Tmin,1959,JUN,9.2
Wales,Tmin,1959,JUL,10.9
Wales,Tmin,1959,AUG,11.2
Wales,Tmin,1959,SEP,8.3
Wales,Tmin,1959,OCT,8.0
Wales,Tmin,1959,NOV,4.3
Wales,Tmin,1959,DEC,2.9
Wales,Tmin,1959,WIN,0.89
Wales,Tmin,1959,SPR,5.09
Wales,Tmin,1959,SUM,10.44
Wales,Tmin,1959,AUT,6.89
Wales,Tmin,1959,ANN,5.94
Wales,Tmin,1960,JAN,1.2
Wales,Tmin,1960,FEB,0.5
Wales,Tmin,1960,MAR,2.8
Wales,Tmin,1960,APR,3.8
Wales,Tmin,1960,MAY,7.3
Wales,Tmin,1960,JUN,9.8
Wales,Tmin,1960,JUL,10.2
Wales,Tmin,1960,AUG,9.9
Wales,Tmin,1960,SEP,8.5
Wales,Tmin,1960,OCT,6.2
Wales,Tmin,1960,NOV,3.8
Wales,Tmin,1960,DEC,0.8
Wales,Tmin,1960,WIN,1.52
Wales,Tmin,1960,SPR,4.66
Wales,Tmin,1960,SUM,9.99
Wales,Tmin,1960,AUT,6.19
Wales,Tmin,1960,ANN,5.43
Wales,Tmin,1961,JAN,0.6
Wales,Tmin,1961,FEB,3.7
Wales,Tmin,1961,MAR,3.5
Wales,Tmin,1961,APR,5.6
Wales,Tmin,1961,MAY,5.7
Wales,Tmin,1961,JUN,8.5
Wales,Tmin,1961,JUL,9.9
Wales,Tmin,1961,AUG,10.5
Wales,Tmin,1961,SEP,10.1
Wales,Tmin,1961,OCT,6.9
Wales,Tmin,1961,NOV,3.3
Wales,Tmin,1961,DEC,-0.6
Wales,Tmin,1961,WIN,1.63
Wales,Tmin,1961,SPR,4.94
Wales,Tmin,1961,SUM,9.64
Wales,Tmin,1961,AUT,6.77
Wales,Tmin,1961,ANN,5.65
Wales,Tmin,1962,JAN,1.2
Wales,Tmin,1962,FEB,1.5
Wales,Tmin,1962,MAR,-1.7
Wales,Tmin,1962,APR,2.9
Wales,Tmin,1962,MAY,5.4
Wales,Tmin,1962,JUN,7.9
Wales,Tmin,1962,JUL,10.0
Wales,Tmin,1962,AUG,10.0
Wales,Tmin,1962,SEP,8.5
Wales,Tmin,1962,OCT,6.0
Wales,Tmin,1962,NOV,2.5
Wales,Tmin,1962,DEC,-0.4
Wales,Tmin,1962,WIN,0.69
Wales,Tmin,1962,SPR,2.22
Wales,Tmin,1962,SUM,9.32
Wales,Tmin,1962,AUT,5.69
Wales,Tmin,1962,ANN,4.51
Wales,Tmin,1963,JAN,-5.2
Wales,Tmin,1963,FEB,-4.0
Wales,Tmin,1963,MAR,2.2
Wales,Tmin,1963,APR,4.2
Wales,Tmin,1963,MAY,5.7
Wales,Tmin,1963,JUN,9.7
Wales,Tmin,1963,JUL,9.7
Wales,Tmin,1963,AUG,10.0
Wales,Tmin,1963,SEP,8.2
Wales,Tmin,1963,OCT,7.3
Wales,Tmin,1963,NOV,4.7
Wales,Tmin,1963,DEC,-0.3
Wales,Tmin,1963,WIN,-3.16
Wales,Tmin,1963,SPR,4.05
Wales,Tmin,1963,SUM,9.81
Wales,Tmin,1963,AUT,6.73
Wales,Tmin,1963,ANN,4.41
Wales,Tmin,1964,JAN,0.9
Wales,Tmin,1964,FEB,1.2
Wales,Tmin,1964,MAR,1.1
Wales,Tmin,1964,APR,4.2
Wales,Tmin,1964,MAY,7.9
Wales,Tmin,1964,JUN,9.0
Wales,Tmin,1964,JUL,10.7
Wales,Tmin,1964,AUG,10.0
Wales,Tmin,1964,SEP,8.9
Wales,Tmin,1964,OCT,4.7
Wales,Tmin,1964,NOV,4.4
Wales,Tmin,1964,DEC,0.4
Wales,Tmin,1964,WIN,0.60
Wales,Tmin,1964,SPR,4.40
Wales,Tmin,1964,SUM,9.91
Wales,Tmin,1964,AUT,5.97
Wales,Tmin,1964,ANN,5.28
Wales,Tmin,1965,JAN,0.6
Wales,Tmin,1965,FEB,-0.4
Wales,Tmin,1965,MAR,0.8
Wales,Tmin,1965,APR,3.3
Wales,Tmin,1965,MAY,6.5
Wales,Tmin,1965,JUN,8.9
Wales,Tmin,1965,JUL,9.4
Wales,Tmin,1965,AUG,10.0
Wales,Tmin,1965,SEP,7.6
Wales,Tmin,1965,OCT,6.9
Wales,Tmin,1965,NOV,1.5
Wales,Tmin,1965,DEC,1.9
Wales,Tmin,1965,WIN,0.20
Wales,Tmin,1965,SPR,3.54
Wales,Tmin,1965,SUM,9.44
Wales,Tmin,1965,AUT,5.35
Wales,Tmin,1965,ANN,4.79
Wales,Tmin,1966,JAN,0.5
Wales,Tmin,1966,FEB,3.0
Wales,Tmin,1966,MAR,2.9
Wales,Tmin,1966,APR,3.5
Wales,Tmin,1966,MAY,5.9
Wales,Tmin,1966,JUN,10.1
Wales,Tmin,1966,JUL,10.1
Wales,Tmin,1966,AUG,9.6
Wales,Tmin,1966,SEP,9.1
Wales,Tmin,1966,OCT,6.2
Wales,Tmin,1966,NOV,2.5
Wales,Tmin,1966,DEC,3.0
Wales,Tmin,1966,WIN,1.79
Wales,Tmin,1966,SPR,4.09
Wales,Tmin,1966,SUM,9.95
Wales,Tmin,1966,AUT,5.90
Wales,Tmin,1966,ANN,5.54
Wales,Tmin,1967,JAN,1.8
Wales,Tmin,1967,FEB,1.9
Wales,Tmin,1967,MAR,3.3
Wales,Tmin,1967,APR,3.5
Wales,Tmin,1967,MAY,5.6
Wales,Tmin,1967,JUN,8.5
Wales,Tmin,1967,JUL,10.9
Wales,Tmin,1967,AUG,10.6
Wales,Tmin,1967,SEP,9.2
Wales,Tmin,1967,OCT,7.2
Wales,Tmin,1967,NOV,2.0
Wales,Tmin,1967,DEC,1.8
Wales,Tmin,1967,WIN,2.24
Wales,Tmin,1967,SPR,4.15
Wales,Tmin,1967,SUM,10.03
Wales,Tmin,1967,AUT,6.16
Wales,Tmin,1967,ANN,5.56
Wales,Tmin,1968,JAN,1.9
Wales,Tmin,1968,FEB,-1.4
Wales,Tmin,1968,MAR,2.0
Wales,Tmin,1968,APR,2.6
Wales,Tmin,1968,MAY,4.9
Wales,Tmin,1968,JUN,9.3
Wales,Tmin,1968,JUL,9.9
Wales,Tmin,1968,AUG,10.7
Wales,Tmin,1968,SEP,9.5
Wales,Tmin,1968,OCT,9.4
Wales,Tmin,1968,NOV,3.8
Wales,Tmin,1968,DEC,0.7
Wales,Tmin,1968,WIN,0.84
Wales,Tmin,1968,SPR,3.16
Wales,Tmin,1968,SUM,9.97
Wales,Tmin,1968,AUT,7.61
Wales,Tmin,1968,ANN,5.30
Wales,Tmin,1969,JAN,2.7
Wales,Tmin,1969,FEB,-2.2
Wales,Tmin,1969,MAR,0.0
Wales,Tmin,1969,APR,2.5
Wales,Tmin,1969,MAY,6.2
Wales,Tmin,1969,JUN,8.0
Wales,Tmin,1969,JUL,10.8
Wales,Tmin,1969,AUG,11.2
Wales,Tmin,1969,SEP,9.3
Wales,Tmin,1969,OCT,9.0
Wales,Tmin,1969,NOV,2.1
Wales,Tmin,1969,DEC,0.3
Wales,Tmin,1969,WIN,0.47
Wales,Tmin,1969,SPR,2.94
Wales,Tmin,1969,SUM,10.03
Wales,Tmin,1969,AUT,6.80
Wales,Tmin,1969,ANN,5.05
Wales,Tmin,1970,JAN,0.9
Wales,Tmin,1970,FEB,-0.2
Wales,Tmin,1970,MAR,0.2
Wales,Tmin,1970,APR,2.5
Wales,Tmin,1970,MAY,7.4
Wales,Tmin,1970,JUN,10.3
Wales,Tmin,1970,JUL,10.3
Wales,Tmin,1970,AUG,10.7
Wales,Tmin,1970,SEP,10.0
Wales,Tmin,1970,OCT,6.8
Wales,Tmin,1970,NOV,4.9
Wales,Tmin,1970,DEC,1.5
Wales,Tmin,1970,WIN,0.35
Wales,Tmin,1970,SPR,3.38
Wales,Tmin,1970,SUM,10.45
Wales,Tmin,1970,AUT,7.22
Wales,Tmin,1970,ANN,5.48
Wales,Tmin,1971,JAN,1.9
Wales,Tmin,1971,FEB,1.1
Wales,Tmin,1971,MAR,1.5
Wales,Tmin,1971,APR,3.2
Wales,Tmin,1971,MAY,5.9
Wales,Tmin,1971,JUN,7.9
Wales,Tmin,1971,JUL,10.9
Wales,Tmin,1971,AUG,11.0
Wales,Tmin,1971,SEP,9.2
Wales,Tmin,1971,OCT,7.4
Wales,Tmin,1971,NOV,2.9
Wales,Tmin,1971,DEC,4.0
Wales,Tmin,1971,WIN,1.53
Wales,Tmin,1971,SPR,3.53
Wales,Tmin,1971,SUM,9.93
Wales,Tmin,1971,AUT,6.49
Wales,Tmin,1971,ANN,5.60
Wales,Tmin,1972,JAN,1.3
Wales,Tmin,1972,FEB,1.3
Wales,Tmin,1972,MAR,2.1
Wales,Tmin,1972,APR,4.0
Wales,Tmin,1972,MAY,5.6
Wales,Tmin,1972,JUN,6.7
Wales,Tmin,1972,JUL,10.3
Wales,Tmin,1972,AUG,9.6
Wales,Tmin,1972,SEP,6.5
Wales,Tmin,1972,OCT,6.3
Wales,Tmin,1972,NOV,3.1
Wales,Tmin,1972,DEC,3.1
Wales,Tmin,1972,WIN,2.22
Wales,Tmin,1972,SPR,3.90
Wales,Tmin,1972,SUM,8.91
Wales,Tmin,1972,AUT,5.31
Wales,Tmin,1972,ANN,5.01
Wales,Tmin,1973,JAN,2.1
Wales,Tmin,1973,FEB,1.4
Wales,Tmin,1973,MAR,1.3
Wales,Tmin,1973,APR,2.4
Wales,Tmin,1973,MAY,6.5
Wales,Tmin,1973,JUN,9.0
Wales,Tmin,1973,JUL,10.3
Wales,Tmin,1973,AUG,11.3
Wales,Tmin,1973,SEP,9.6
Wales,Tmin,1973,OCT,5.4
Wales,Tmin,1973,NOV,3.4
Wales,Tmin,1973,DEC,2.0
Wales,Tmin,1973,WIN,2.22
Wales,Tmin,1973,SPR,3.41
Wales,Tmin,1973,SUM,10.21
Wales,Tmin,1973,AUT,6.14
Wales,Tmin,1973,ANN,5.42
Wales,Tmin,1974,JAN,2.8
Wales,Tmin,1974,FEB,2.0
Wales,Tmin,1974,MAR,1.4
Wales,Tmin,1974,APR,3.0
Wales,Tmin,1974,MAY,5.6
Wales,Tmin,1974,JUN,8.5
Wales,Tmin,1974,JUL,10.4
Wales,Tmin,1974,AUG,9.7
Wales,Tmin,1974,SEP,7.6
Wales,Tmin,1974,OCT,4.4
Wales,Tmin,1974,NOV,3.5
Wales,Tmin,1974,DEC,5.1
Wales,Tmin,1974,WIN,2.29
Wales,Tmin,1974,SPR,3.35
Wales,Tmin,1974,SUM,9.53
Wales,Tmin,1974,AUT,5.19
Wales,Tmin,1974,ANN,5.37
Wales,Tmin,1975,JAN,3.7
Wales,Tmin,1975,FEB,1.4
Wales,Tmin,1975,MAR,1.3
Wales,Tmin,1975,APR,3.8
Wales,Tmin,1975,MAY,4.7
Wales,Tmin,1975,JUN,8.4
Wales,Tmin,1975,JUL,11.7
Wales,Tmin,1975,AUG,12.1
Wales,Tmin,1975,SEP,8.2
Wales,Tmin,1975,OCT,5.9
Wales,Tmin,1975,NOV,3.0
Wales,Tmin,1975,DEC,2.8
Wales,Tmin,1975,WIN,3.48
Wales,Tmin,1975,SPR,3.26
Wales,Tmin,1975,SUM,10.78
Wales,Tmin,1975,AUT,5.69
Wales,Tmin,1975,ANN,5.62
Wales,Tmin,1976,JAN,3.1
Wales,Tmin,1976,FEB,1.3
Wales,Tmin,1976,MAR,0.8
Wales,Tmin,1976,APR,3.1
Wales,Tmin,1976,MAY,6.6
Wales,Tmin,1976,JUN,10.1
Wales,Tmin,1976,JUL,11.7
Wales,Tmin,1976,AUG,10.7
Wales,Tmin,1976,SEP,8.5
Wales,Tmin,1976,OCT,6.4
Wales,Tmin,1976,NOV,3.0
Wales,Tmin,1976,DEC,-0.5
Wales,Tmin,1976,WIN,2.40
Wales,Tmin,1976,SPR,3.52
Wales,Tmin,1976,SUM,10.82
Wales,Tmin,1976,AUT,5.98
Wales,Tmin,1976,ANN,5.41
Wales,Tmin,1977,JAN,-0.1
Wales,Tmin,1977,FEB,2.2
Wales,Tmin,1977,MAR,3.3
Wales,Tmin,1977,APR,3.0
Wales,Tmin,1977,MAY,4.9
Wales,Tmin,1977,JUN,7.5
Wales,Tmin,1977,JUL,10.7
Wales,Tmin,1977,AUG,10.1
Wales,Tmin,1977,SEP,8.8
Wales,Tmin,1977,OCT,8.2
Wales,Tmin,1977,NOV,3.0
Wales,Tmin,1977,DEC,3.5
Wales,Tmin,1977,WIN,0.43
Wales,Tmin,1977,SPR,3.77
Wales,Tmin,1977,SUM,9.46
Wales,Tmin,1977,AUT,6.65
Wales,Tmin,1977,ANN,5.44
Wales,Tmin,1978,JAN,0.9
Wales,Tmin,1978,FEB,-0.2
Wales,Tmin,1978,MAR,2.7
Wales,Tmin,1978,APR,2.2
Wales,Tmin,1978,MAY,6.0
Wales,Tmin,1978,JUN,8.4
Wales,Tmin,1978,JUL,9.9
Wales,Tmin,1978,AUG,10.2
Wales,Tmin,1978,SEP,9.4
Wales,Tmin,1978,OCT,8.1
Wales,Tmin,1978,NOV,5.2
Wales,Tmin,1978,DEC,1.4
Wales,Tmin,1978,WIN,1.44
Wales,Tmin,1978,SPR,3.64
Wales,Tmin,1978,SUM,9.52
Wales,Tmin,1978,AUT,7.58
Wales,Tmin,1978,ANN,5.39
Wales,Tmin,1979,JAN,-2.9
Wales,Tmin,1979,FEB,-1.6
Wales,Tmin,1979,MAR,0.9
Wales,Tmin,1979,APR,3.2
Wales,Tmin,1979,MAY,4.5
Wales,Tmin,1979,JUN,8.5
Wales,Tmin,1979,JUL,10.5
Wales,Tmin,1979,AUG,9.8
Wales,Tmin,1979,SEP,8.4
Wales,Tmin,1979,OCT,7.2
Wales,Tmin,1979,NOV,3.6
Wales,Tmin,1979,DEC,2.7
Wales,Tmin,1979,WIN,-0.99
Wales,Tmin,1979,SPR,2.84
Wales,Tmin,1979,SUM,9.60
Wales,Tmin,1979,AUT,6.37
Wales,Tmin,1979,ANN,4.59
Wales,Tmin,1980,JAN,-0.9
Wales,Tmin,1980,FEB,2.7
Wales,Tmin,1980,MAR,1.2
Wales,Tmin,1980,APR,3.5
Wales,Tmin,1980,MAY,5.3
Wales,Tmin,1980,JUN,8.9
Wales,Tmin,1980,JUL,9.7
Wales,Tmin,1980,AUG,10.9
Wales,Tmin,1980,SEP,10.2
Wales,Tmin,1980,OCT,5.1
Wales,Tmin,1980,NOV,3.6
Wales,Tmin,1980,DEC,2.5
Wales,Tmin,1980,WIN,1.49
Wales,Tmin,1980,SPR,3.33
Wales,Tmin,1980,SUM,9.81
Wales,Tmin,1980,AUT,6.28
Wales,Tmin,1980,ANN,5.22
Wales,Tmin,1981,JAN,1.8
Wales,Tmin,1981,FEB,-0.2
Wales,Tmin,1981,MAR,4.5
Wales,Tmin,1981,APR,3.2
Wales,Tmin,1981,MAY,6.5
Wales,Tmin,1981,JUN,8.7
Wales,Tmin,1981,JUL,10.6
Wales,Tmin,1981,AUG,10.9
Wales,Tmin,1981,SEP,9.5
Wales,Tmin,1981,OCT,4.4
Wales,Tmin,1981,NOV,4.5
Wales,Tmin,1981,DEC,-2.1
Wales,Tmin,1981,WIN,1.42
Wales,Tmin,1981,SPR,4.73
Wales,Tmin,1981,SUM,10.08
Wales,Tmin,1981,AUT,6.11
Wales,Tmin,1981,ANN,5.22
Wales,Tmin,1982,JAN,0.1
Wales,Tmin,1982,FEB,1.8
Wales,Tmin,1982,MAR,1.8
Wales,Tmin,1982,APR,3.4
Wales,Tmin,1982,MAY,5.7
Wales,Tmin,1982,JUN,10.0
Wales,Tmin,1982,JUL,11.0
Wales,Tmin,1982,AUG,10.8
Wales,Tmin,1982,SEP,9.1
Wales,Tmin,1982,OCT,6.4
Wales,Tmin,1982,NOV,4.9
Wales,Tmin,1982,DEC,1.3
Wales,Tmin,1982,WIN,-0.12
Wales,Tmin,1982,SPR,3.62
Wales,Tmin,1982,SUM,10.60
Wales,Tmin,1982,AUT,6.81
Wales,Tmin,1982,ANN,5.54
Wales,Tmin,1983,JAN,3.5
Wales,Tmin,1983,FEB,-1.2
Wales,Tmin,1983,MAR,3.0
Wales,Tmin,1983,APR,2.0
Wales,Tmin,1983,MAY,5.7
Wales,Tmin,1983,JUN,9.1
Wales,Tmin,1983,JUL,12.6
Wales,Tmin,1983,AUG,11.2
Wales,Tmin,1983,SEP,9.5
Wales,Tmin,1983,OCT,6.6
Wales,Tmin,1983,NOV,4.4
Wales,Tmin,1983,DEC,3.0
Wales,Tmin,1983,WIN,1.27
Wales,Tmin,1983,SPR,3.57
Wales,Tmin,1983,SUM,10.99
Wales,Tmin,1983,AUT,6.83
Wales,Tmin,1983,ANN,5.83
Wales,Tmin,1984,JAN,0.8
Wales,Tmin,1984,FEB,0.4
Wales,Tmin,1984,MAR,1.2
Wales,Tmin,1984,APR,2.8
Wales,Tmin,1984,MAY,4.6
Wales,Tmin,1984,JUN,9.0
Wales,Tmin,1984,JUL,10.1
Wales,Tmin,1984,AUG,11.7
Wales,Tmin,1984,SEP,9.6
Wales,Tmin,1984,OCT,7.3
Wales,Tmin,1984,NOV,4.5
Wales,Tmin,1984,DEC,2.3
Wales,Tmin,1984,WIN,1.44
Wales,Tmin,1984,SPR,2.86
Wales,Tmin,1984,SUM,10.27
Wales,Tmin,1984,AUT,7.14
Wales,Tmin,1984,ANN,5.37
Wales,Tmin,1985,JAN,-2.3
Wales,Tmin,1985,FEB,-0.6
Wales,Tmin,1985,MAR,0.8
Wales,Tmin,1985,APR,4.1
Wales,Tmin,1985,MAY,5.9
Wales,Tmin,1985,JUN,7.5
Wales,Tmin,1985,JUL,11.0
Wales,Tmin,1985,AUG,10.3
Wales,Tmin,1985,SEP,10.1
Wales,Tmin,1985,OCT,6.9
Wales,Tmin,1985,NOV,1.0
Wales,Tmin,1985,DEC,3.5
Wales,Tmin,1985,WIN,-0.16
Wales,Tmin,1985,SPR,3.58
Wales,Tmin,1985,SUM,9.64
Wales,Tmin,1985,AUT,6.00
Wales,Tmin,1985,ANN,4.89
Wales,Tmin,1986,JAN,0.8
Wales,Tmin,1986,FEB,-3.8
Wales,Tmin,1986,MAR,1.2
Wales,Tmin,1986,APR,1.4
Wales,Tmin,1986,MAY,6.4
Wales,Tmin,1986,JUN,9.3
Wales,Tmin,1986,JUL,10.6
Wales,Tmin,1986,AUG,8.9
Wales,Tmin,1986,SEP,5.9
Wales,Tmin,1986,OCT,6.7
Wales,Tmin,1986,NOV,4.1
Wales,Tmin,1986,DEC,3.0
Wales,Tmin,1986,WIN,0.32
Wales,Tmin,1986,SPR,3.03
Wales,Tmin,1986,SUM,9.63
Wales,Tmin,1986,AUT,5.57
Wales,Tmin,1986,ANN,4.62
Wales,Tmin,1987,JAN,-1.6
Wales,Tmin,1987,FEB,0.0
Wales,Tmin,1987,MAR,0.9
Wales,Tmin,1987,APR,5.0
Wales,Tmin,1987,MAY,5.2
Wales,Tmin,1987,JUN,8.1
Wales,Tmin,1987,JUL,10.7
Wales,Tmin,1987,AUG,10.7
Wales,Tmin,1987,SEP,9.0
Wales,Tmin,1987,OCT,5.6
Wales,Tmin,1987,NOV,3.9
Wales,Tmin,1987,DEC,2.9
Wales,Tmin,1987,WIN,0.49
Wales,Tmin,1987,SPR,3.70
Wales,Tmin,1987,SUM,9.88
Wales,Tmin,1987,AUT,6.14
Wales,Tmin,1987,ANN,5.07
Wales,Tmin,1988,JAN,2.6
Wales,Tmin,1988,FEB,1.4
Wales,Tmin,1988,MAR,3.1
Wales,Tmin,1988,APR,3.6
Wales,Tmin,1988,MAY,6.2
Wales,Tmin,1988,JUN,9.3
Wales,Tmin,1988,JUL,10.4
Wales,Tmin,1988,AUG,10.0
Wales,Tmin,1988,SEP,8.8
Wales,Tmin,1988,OCT,6.6
Wales,Tmin,1988,NOV,1.6
Wales,Tmin,1988,DEC,5.2
Wales,Tmin,1988,WIN,2.34
Wales,Tmin,1988,SPR,4.30
Wales,Tmin,1988,SUM,9.92
Wales,Tmin,1988,AUT,5.66
Wales,Tmin,1988,ANN,5.76
Wales,Tmin,1989,JAN,3.3
Wales,Tmin,1989,FEB,2.5
Wales,Tmin,1989,MAR,3.1
Wales,Tmin,1989,APR,1.9
Wales,Tmin,1989,MAY,7.3
Wales,Tmin,1989,JUN,8.3
Wales,Tmin,1989,JUL,11.8
Wales,Tmin,1989,AUG,11.0
Wales,Tmin,1989,SEP,9.3
Wales,Tmin,1989,OCT,8.0
Wales,Tmin,1989,NOV,3.5
Wales,Tmin,1989,DEC,1.4
Wales,Tmin,1989,WIN,3.69
Wales,Tmin,1989,SPR,4.12
Wales,Tmin,1989,SUM,10.37
Wales,Tmin,1989,AUT,6.95
Wales,Tmin,1989,ANN,5.98
Wales,Tmin,1990,JAN,3.6
Wales,Tmin,1990,FEB,4.0
Wales,Tmin,1990,MAR,4.3
Wales,Tmin,1990,APR,2.7
Wales,Tmin,1990,MAY,6.7
Wales,Tmin,1990,JUN,8.9
Wales,Tmin,1990,JUL,10.9
Wales,Tmin,1990,AUG,12.4
Wales,Tmin,1990,SEP,8.0
Wales,Tmin,1990,OCT,8.3
Wales,Tmin,1990,NOV,3.5
Wales,Tmin,1990,DEC,1.2
Wales,Tmin,1990,WIN,2.97
Wales,Tmin,1990,SPR,4.56
Wales,Tmin,1990,SUM,10.76
Wales,Tmin,1990,AUT,6.62
Wales,Tmin,1990,ANN,6.23
Wales,Tmin,1991,JAN,0.1
Wales,Tmin,1991,FEB,-2.0
Wales,Tmin,1991,MAR,3.8
Wales,Tmin,1991,APR,3.6
Wales,Tmin,1991,MAY,6.1
Wales,Tmin,1991,JUN,7.4
Wales,Tmin,1991,JUL,12.0
Wales,Tmin,1991,AUG,11.1
Wales,Tmin,1991,SEP,9.1
Wales,Tmin,1991,OCT,6.3
Wales,Tmin,1991,NOV,3.6
Wales,Tmin,1991,DEC,2.2
Wales,Tmin,1991,WIN,-0.15
Wales,Tmin,1991,SPR,4.50
Wales,Tmin,1991,SUM,10.22
Wales,Tmin,1991,AUT,6.33
Wales,Tmin,1991,ANN,5.33
Wales,Tmin,1992,JAN,0.7
Wales,Tmin,1992,FEB,2.4
Wales,Tmin,1992,MAR,3.7
Wales,Tmin,1992,APR,4.3
Wales,Tmin,1992,MAY,7.7
Wales,Tmin,1992,JUN,9.4
Wales,Tmin,1992,JUL,11.3
Wales,Tmin,1992,AUG,10.4
Wales,Tmin,1992,SEP,8.9
Wales,Tmin,1992,OCT,4.1
Wales,Tmin,1992,NOV,4.3
Wales,Tmin,1992,DEC,0.9
Wales,Tmin,1992,WIN,1.76
Wales,Tmin,1992,SPR,5.25
Wales,Tmin,1992,SUM,10.37
Wales,Tmin,1992,AUT,5.73
Wales,Tmin,1992,ANN,5.68
Wales,Tmin,1993,JAN,2.7
Wales,Tmin,1993,FEB,2.4
Wales,Tmin,1993,MAR,2.7
Wales,Tmin,1993,APR,5.3
Wales,Tmin,1993,MAY,6.2
Wales,Tmin,1993,JUN,9.4
Wales,Tmin,1993,JUL,10.4
Wales,Tmin,1993,AUG,9.1
Wales,Tmin,1993,SEP,7.7
Wales,Tmin,1993,OCT,3.9
Wales,Tmin,1993,NOV,1.7
Wales,Tmin,1993,DEC,2.5
Wales,Tmin,1993,WIN,1.98
Wales,Tmin,1993,SPR,4.72
Wales,Tmin,1993,SUM,9.64
Wales,Tmin,1993,AUT,4.40
Wales,Tmin,1993,ANN,5.34
Wales,Tmin,1994,JAN,2.1
Wales,Tmin,1994,FEB,0.3
Wales,Tmin,1994,MAR,3.9
Wales,Tmin,1994,APR,3.4
Wales,Tmin,1994,MAY,6.0
Wales,Tmin,1994,JUN,8.7
Wales,Tmin,1994,JUL,11.0
Wales,Tmin,1994,AUG,10.6
Wales,Tmin,1994,SEP,8.6
Wales,Tmin,1994,OCT,6.2
Wales,Tmin,1994,NOV,7.4
Wales,Tmin,1994,DEC,3.6
Wales,Tmin,1994,WIN,1.69
Wales,Tmin,1994,SPR,4.45
Wales,Tmin,1994,SUM,10.14
Wales,Tmin,1994,AUT,7.37
Wales,Tmin,1994,ANN,6.02
Wales,Tmin,1995,JAN,1.6
Wales,Tmin,1995,FEB,3.2
Wales,Tmin,1995,MAR,1.2
Wales,Tmin,1995,APR,4.0
Wales,Tmin,1995,MAY,6.0
Wales,Tmin,1995,JUN,8.6
Wales,Tmin,1995,JUL,12.5
Wales,Tmin,1995,AUG,12.4
Wales,Tmin,1995,SEP,8.7
Wales,Tmin,1995,OCT,9.2
Wales,Tmin,1995,NOV,4.1
Wales,Tmin,1995,DEC,-0.3
Wales,Tmin,1995,WIN,2.80
Wales,Tmin,1995,SPR,3.74
Wales,Tmin,1995,SUM,11.22
Wales,Tmin,1995,AUT,7.34
Wales,Tmin,1995,ANN,5.97
Wales,Tmin,1996,JAN,2.4
Wales,Tmin,1996,FEB,-0.9
Wales,Tmin,1996,MAR,1.4
Wales,Tmin,1996,APR,3.7
Wales,Tmin,1996,MAY,3.9
Wales,Tmin,1996,JUN,8.0
Wales,Tmin,1996,JUL,10.5
Wales,Tmin,1996,AUG,10.8
Wales,Tmin,1996,SEP,8.5
Wales,Tmin,1996,OCT,8.0
Wales,Tmin,1996,NOV,2.7
Wales,Tmin,1996,DEC,0.0
Wales,Tmin,1996,WIN,0.42
Wales,Tmin,1996,SPR,3.00
Wales,Tmin,1996,SUM,9.79
Wales,Tmin,1996,AUT,6.42
Wales,Tmin,1996,ANN,4.94
Wales,Tmin,1997,JAN,-0.6
Wales,Tmin,1997,FEB,3.0
Wales,Tmin,1997,MAR,3.9
Wales,Tmin,1997,APR,4.1
Wales,Tmin,1997,MAY,6.0
Wales,Tmin,1997,JUN,9.3
Wales,Tmin,1997,JUL,10.7
Wales,Tmin,1997,AUG,13.1
Wales,Tmin,1997,SEP,9.6
Wales,Tmin,1997,OCT,6.2
Wales,Tmin,1997,NOV,5.6
Wales,Tmin,1997,DEC,2.9
Wales,Tmin,1997,WIN,0.72
Wales,Tmin,1997,SPR,4.68
Wales,Tmin,1997,SUM,11.05
Wales,Tmin,1997,AUT,7.14
Wales,Tmin,1997,ANN,6.17
Wales,Tmin,1998,JAN,2.1
Wales,Tmin,1998,FEB,3.9
Wales,Tmin,1998,MAR,4.5
Wales,Tmin,1998,APR,3.4
Wales,Tmin,1998,MAY,7.6
Wales,Tmin,1998,JUN,9.7
Wales,Tmin,1998,JUL,11.0
Wales,Tmin,1998,AUG,10.5
Wales,Tmin,1998,SEP,10.3
Wales,Tmin,1998,OCT,6.9
Wales,Tmin,1998,NOV,3.4
Wales,Tmin,1998,DEC,2.3
Wales,Tmin,1998,WIN,2.93
Wales,Tmin,1998,SPR,5.22
Wales,Tmin,1998,SUM,10.40
Wales,Tmin,1998,AUT,6.85
Wales,Tmin,1998,ANN,6.32
Wales,Tmin,1999,JAN,2.3
Wales,Tmin,1999,FEB,2.4
Wales,Tmin,1999,MAR,3.5
Wales,Tmin,1999,APR,5.0
Wales,Tmin,1999,MAY,8.2
Wales,Tmin,1999,JUN,8.4
Wales,Tmin,1999,JUL,11.7
Wales,Tmin,1999,AUG,11.2
Wales,Tmin,1999,SEP,10.1
Wales,Tmin,1999,OCT,6.8
Wales,Tmin,1999,NOV,4.5
Wales,Tmin,1999,DEC,2.1
Wales,Tmin,1999,WIN,2.34
Wales,Tmin,1999,SPR,5.56
Wales,Tmin,1999,SUM,10.45
Wales,Tmin,1999,AUT,7.11
Wales,Tmin,1999,ANN,6.37
Wales,Tmin,2000,JAN,1.7
Wales,Tmin,2000,FEB,2.8
Wales,Tmin,2000,MAR,3.3
Wales,Tmin,2000,APR,3.0
Wales,Tmin,2000,MAY,6.7
Wales,Tmin,2000,JUN,9.7
Wales,Tmin,2000,JUL,10.4
Wales,Tmin,2000,AUG,11.1
Wales,Tmin,2000,SEP,10.2
Wales,Tmin,2000,OCT,6.2
Wales,Tmin,2000,NOV,3.9
Wales,Tmin,2000,DEC,3.0
Wales,Tmin,2000,WIN,2.17
Wales,Tmin,2000,SPR,4.34
Wales,Tmin,2000,SUM,10.42
Wales,Tmin,2000,AUT,6.76
Wales,Tmin,2000,ANN,6.00
Wales,Tmin,2001,JAN,0.4
Wales,Tmin,2001,FEB,0.5
Wales,Tmin,2001,MAR,1.4
Wales,Tmin,2001,APR,3.2
Wales,Tmin,2001,MAY,6.9
Wales,Tmin,2001,JUN,8.8
Wales,Tmin,2001,JUL,11.1
Wales,Tmin,2001,AUG,11.4
Wales,Tmin,2001,SEP,9.5
Wales,Tmin,2001,OCT,9.6
Wales,Tmin,2001,NOV,4.2
Wales,Tmin,2001,DEC,0.4
Wales,Tmin,2001,WIN,1.34
Wales,Tmin,2001,SPR,3.82
Wales,Tmin,2001,SUM,10.46
Wales,Tmin,2001,AUT,7.77
Wales,Tmin,2001,ANN,5.64
Wales,Tmin,2002,JAN,2.7
Wales,Tmin,2002,FEB,3.4
Wales,Tmin,2002,MAR,3.4
Wales,Tmin,2002,APR,4.0
Wales,Tmin,2002,MAY,7.0
Wales,Tmin,2002,JUN,9.3
Wales,Tmin,2002,JUL,10.5
Wales,Tmin,2002,AUG,11.2
Wales,Tmin,2002,SEP,8.8
Wales,Tmin,2002,OCT,6.1
Wales,Tmin,2002,NOV,5.9
Wales,Tmin,2002,DEC,3.3
Wales,Tmin,2002,WIN,2.13
Wales,Tmin,2002,SPR,4.80
Wales,Tmin,2002,SUM,10.38
Wales,Tmin,2002,AUT,6.92
Wales,Tmin,2002,ANN,6.32
Wales,Tmin,2003,JAN,1.5
Wales,Tmin,2003,FEB,0.5
Wales,Tmin,2003,MAR,2.6
Wales,Tmin,2003,APR,4.6
Wales,Tmin,2003,MAY,7.0
Wales,Tmin,2003,JUN,10.1
Wales,Tmin,2003,JUL,12.1
Wales,Tmin,2003,AUG,12.1
Wales,Tmin,2003,SEP,8.5
Wales,Tmin,2003,OCT,4.6
Wales,Tmin,2003,NOV,4.8
Wales,Tmin,2003,DEC,1.9
Wales,Tmin,2003,WIN,1.80
Wales,Tmin,2003,SPR,4.73
Wales,Tmin,2003,SUM,11.45
Wales,Tmin,2003,AUT,5.96
Wales,Tmin,2003,ANN,5.89
Wales,Tmin,2004,JAN,2.3
Wales,Tmin,2004,FEB,1.6
Wales,Tmin,2004,MAR,2.3
Wales,Tmin,2004,APR,5.2
Wales,Tmin,2004,MAY,6.5
Wales,Tmin,2004,JUN,10.2
Wales,Tmin,2004,JUL,10.7
Wales,Tmin,2004,AUG,12.3
Wales,Tmin,2004,SEP,10.5
Wales,Tmin,2004,OCT,6.7
Wales,Tmin,2004,NOV,5.2
Wales,Tmin,2004,DEC,3.1
Wales,Tmin,2004,WIN,1.94
Wales,Tmin,2004,SPR,4.65
Wales,Tmin,2004,SUM,11.08
Wales,Tmin,2004,AUT,7.44
Wales,Tmin,2004,ANN,6.39
Wales,Tmin,2005,JAN,3.3
Wales,Tmin,2005,FEB,1.1
Wales,Tmin,2005,MAR,3.6
Wales,Tmin,2005,APR,4.5
Wales,Tmin,2005,MAY,6.2
Wales,Tmin,2005,JUN,10.1
Wales,Tmin,2005,JUL,11.6
Wales,Tmin,2005,AUG,10.4
Wales,Tmin,2005,SEP,10.1
Wales,Tmin,2005,OCT,9.4
Wales,Tmin,2005,NOV,2.4
Wales,Tmin,2005,DEC,2.0
Wales,Tmin,2005,WIN,2.55
Wales,Tmin,2005,SPR,4.77
Wales,Tmin,2005,SUM,10.70
Wales,Tmin,2005,AUT,7.34
Wales,Tmin,2005,ANN,6.27
Wales,Tmin,2006,JAN,1.4
Wales,Tmin,2006,FEB,0.9
Wales,Tmin,2006,MAR,1.4
Wales,Tmin,2006,APR,4.3
Wales,Tmin,2006,MAY,7.1
Wales,Tmin,2006,JUN,10.0
Wales,Tmin,2006,JUL,12.6
Wales,Tmin,2006,AUG,11.6
Wales,Tmin,2006,SEP,11.4
Wales,Tmin,2006,OCT,9.0
Wales,Tmin,2006,NOV,4.2
Wales,Tmin,2006,DEC,3.7
Wales,Tmin,2006,WIN,1.46
Wales,Tmin,2006,SPR,4.27
Wales,Tmin,2006,SUM,11.42
Wales,Tmin,2006,AUT,8.22
Wales,Tmin,2006,ANN,6.51
Wales,Tmin,2007,JAN,4.1
Wales,Tmin,2007,FEB,2.5
Wales,Tmin,2007,MAR,2.8
Wales,Tmin,2007,APR,5.3
Wales,Tmin,2007,MAY,6.9
Wales,Tmin,2007,JUN,10.4
Wales,Tmin,2007,JUL,10.7
Wales,Tmin,2007,AUG,10.4
Wales,Tmin,2007,SEP,9.5
Wales,Tmin,2007,OCT,7.0
Wales,Tmin,2007,NOV,4.5
Wales,Tmin,2007,DEC,2.1
Wales,Tmin,2007,WIN,3.46
Wales,Tmin,2007,SPR,5.00
Wales,Tmin,2007,SUM,10.49
Wales,Tmin,2007,AUT,7.02
Wales,Tmin,2007,ANN,6.37
Wales,Tmin,2008,JAN,3.5
Wales,Tmin,2008,FEB,1.1
Wales,Tmin,2008,MAR,2.5
Wales,Tmin,2008,APR,3.6
Wales,Tmin,2008,MAY,8.3
Wales,Tmin,2008,JUN,8.7
Wales,Tmin,2008,JUL,11.4
Wales,Tmin,2008,AUG,12.1
Wales,Tmin,2008,SEP,8.7
Wales,Tmin,2008,OCT,6.1
Wales,Tmin,2008,NOV,4.6
Wales,Tmin,2008,DEC,0.4
Wales,Tmin,2008,WIN,2.28
Wales,Tmin,2008,SPR,4.79
Wales,Tmin,2008,SUM,10.78
Wales,Tmin,2008,AUT,6.45
Wales,Tmin,2008,ANN,5.94
Wales,Tmin,2009,JAN,-0.2
Wales,Tmin,2009,FEB,1.4
Wales,Tmin,2009,MAR,2.5
Wales,Tmin,2009,APR,4.4
Wales,Tmin,2009,MAY,6.9
Wales,Tmin,2009,JUN,9.4
Wales,Tmin,2009,JUL,11.6
Wales,Tmin,2009,AUG,11.6
Wales,Tmin,2009,SEP,9.2
Wales,Tmin,2009,OCT,7.5
Wales,Tmin,2009,NOV,5.6
Wales,Tmin,2009,DEC,0.2
Wales,Tmin,2009,WIN,0.53
Wales,Tmin,2009,SPR,4.63
Wales,Tmin,2009,SUM,10.90
Wales,Tmin,2009,AUT,7.45
Wales,Tmin,2009,ANN,5.88
Wales,Tmin,2010,JAN,-1.7
Wales,Tmin,2010,FEB,-0.6
Wales,Tmin,2010,MAR,1.2
Wales,Tmin,2010,APR,3.2
Wales,Tmin,2010,MAY,5.4
Wales,Tmin,2010,JUN,9.2
Wales,Tmin,2010,JUL,12.1
Wales,Tmin,2010,AUG,10.4
Wales,Tmin,2010,SEP,9.4
Wales,Tmin,2010,OCT,6.1
Wales,Tmin,2010,NOV,1.7
Wales,Tmin,2010,DEC,-3.8
Wales,Tmin,2010,WIN,-0.69
Wales,Tmin,2010,SPR,3.27
Wales,Tmin,2010,SUM,10.57
Wales,Tmin,2010,AUT,5.75
Wales,Tmin,2010,ANN,4.41
Wales,Tmin,2011,JAN,0.3
Wales,Tmin,2011,FEB,3.5
Wales,Tmin,2011,MAR,1.8
Wales,Tmin,2011,APR,6.1
Wales,Tmin,2011,MAY,7.5
Wales,Tmin,2011,JUN,8.4
Wales,Tmin,2011,JUL,9.9
Wales,Tmin,2011,AUG,10.5
Wales,Tmin,2011,SEP,10.7
Wales,Tmin,2011,OCT,8.8
Wales,Tmin,2011,NOV,6.3
Wales,Tmin,2011,DEC,3.6
Wales,Tmin,2011,WIN,-0.12
Wales,Tmin,2011,SPR,5.11
Wales,Tmin,2011,SUM,9.58
Wales,Tmin,2011,AUT,8.57
Wales,Tmin,2011,ANN,6.44
Wales,Tmin,2012,JAN,2.9
Wales,Tmin,2012,FEB,1.3
Wales,Tmin,2012,MAR,3.8
Wales,Tmin,2012,APR,2.9
Wales,Tmin,2012,MAY,6.5
Wales,Tmin,2012,JUN,9.6
Wales,Tmin,2012,JUL,10.7
Wales,Tmin,2012,AUG,12.1
Wales,Tmin,2012,SEP,8.3
Wales,Tmin,2012,OCT,5.9
Wales,Tmin,2012,NOV,3.1
Wales,Tmin,2012,DEC,2.0
Wales,Tmin,2012,WIN,2.65
Wales,Tmin,2012,SPR,4.43
Wales,Tmin,2012,SUM,10.79
Wales,Tmin,2012,AUT,5.78
Wales,Tmin,2012,ANN,5.78
Wales,Tmin,2013,JAN,1.5
Wales,Tmin,2013,FEB,0.3
Wales,Tmin,2013,MAR,-0.7
Wales,Tmin,2013,APR,2.6
Wales,Tmin,2013,MAY,5.2
Wales,Tmin,2013,JUN,8.6
Wales,Tmin,2013,JUL,12.0
Wales,Tmin,2013,AUG,11.7
Wales,Tmin,2013,SEP,9.5
Wales,Tmin,2013,OCT,9.3
Wales,Tmin,2013,NOV,3.2
Wales,Tmin,2013,DEC,3.4
Wales,Tmin,2013,WIN,1.26
Wales,Tmin,2013,SPR,2.36
Wales,Tmin,2013,SUM,10.81
Wales,Tmin,2013,AUT,7.35
Wales,Tmin,2013,ANN,5.58
Wales,Tmin,2014,JAN,2.8
Wales,Tmin,2014,FEB,3.1
Wales,Tmin,2014,MAR,3.0
Wales,Tmin,2014,APR,5.4
Wales,Tmin,2014,MAY,7.7
Wales,Tmin,2014,JUN,9.6
Wales,Tmin,2014,JUL,11.5
Wales,Tmin,2014,AUG,10.4
Wales,Tmin,2014,SEP,9.5
Wales,Tmin,2014,OCT,8.5
Wales,Tmin,2014,NOV,4.9
Wales,Tmin,2014,DEC,2.4
Wales,Tmin,2014,WIN,3.09
Wales,Tmin,2014,SPR,5.34
Wales,Tmin,2014,SUM,10.51
Wales,Tmin,2014,AUT,7.66
Wales,Tmin,2014,ANN,6.58
Wales,Tmin,2015,JAN,1.8
Wales,Tmin,2015,FEB,0.5
Wales,Tmin,2015,MAR,2.1
Wales,Tmin,2015,APR,3.5
Wales,Tmin,2015,MAY,6.4
Wales,Tmin,2015,JUN,8.6
Wales,Tmin,2015,JUL,10.8
Wales,Tmin,2015,AUG,10.6
Wales,Tmin,2015,SEP,7.5
Wales,Tmin,2015,OCT,6.4
Wales,Tmin,2015,NOV,6.4
Wales,Tmin,2015,DEC,6.8
Wales,Tmin,2015,WIN,1.59
Wales,Tmin,2015,SPR,3.99
Wales,Tmin,2015,SUM,10.03
Wales,Tmin,2015,AUT,6.78
Wales,Tmin,2015,ANN,6.00
Wales,Tmin,2016,JAN,2.8
Wales,Tmin,2016,FEB,1.5
Wales,Tmin,2016,MAR,1.7
Wales,Tmin,2016,APR,3.1
Wales,Tmin,2016,MAY,7.4
Wales,Tmin,2016,JUN,10.9
Wales,Tmin,2016,JUL,11.8
Wales,Tmin,2016,AUG,11.9
Wales,Tmin,2016,SEP,11.2
Wales,Tmin,2016,OCT,6.6
Wales,Tmin,2016,NOV,2.5
Wales,Tmin,2016,DEC,3.4
Wales,Tmin,2016,WIN,3.75
Wales,Tmin,2016,SPR,4.07
Wales,Tmin,2016,SUM,11.52
Wales,Tmin,2016,AUT,6.75
Wales,Tmin,2016,ANN,6.24
Wales,Tmin,2017,JAN,1.9
Wales,Tmin,2017,FEB,3.3
Wales,Tmin,2017,MAR,4.2
Wales,Tmin,2017,APR,4.2
Wales,Tmin,2017,MAY,8.0
Wales,Tmin,2017,JUN,11.0
Wales,Tmin,2017,JUL,11.4
Wales,Tmin,2017,AUG,10.9
Wales,Tmin,2017,SEP,9.3
Wales,Tmin,2017,OCT,8.8
Wales,Tmin,2017,NOV,3.7
Wales,Tmin,2017,DEC,N/A
Wales,Tmin,2017,WIN,2.84
Wales,Tmin,2017,SPR,5.50
Wales,Tmin,2017,SUM,11.11
Wales,Tmin,2017,AUT,7.30
Wales,Tmin,2017,ANN,N/A
